y,prob
1,0.8489681444490215
1,0.887043046248225
1,0.692871720265577
0,0.45138536628413456
0,0.025393956723817123
0,0.08800581217455776
0,0.0280398004420152
0,0.5145406055632689
0,0.00019741372891541977
0,0.1847749173472074
0,0.0015148051547571398
0,0.009013223167019614
0,0.03962149070666333
0,3.132005440225334e-05
0,0.0007436410858121114
0,0.003487850578091789
0,1.3494849769133968e-06
0,0.35533603659367646
0,0.0003516000498341918
0,8.996037490562248e-07
0,0.0009183220140731645
0,0.2006848188544247
0,0.026616626941880037
0,0.3344701987447014
0,0.021922076558205425
0,0.02113810100358237
0,0.021423222836525847
0,0.39131762839059886
0,0.49428069473709985
0,0.0003982143027891381
0,0.038958980152260625
0,0.2854175626599056
0,0.0003452052884739163
0,0.8679096102330625
0,0.8862584275697122
0,0.005641613227190975
0,0.0025420501034025987
0,0.24088324445934112
0,0.7474952143073396
0,0.22758170871127398
0,0.538568629704389
0,0.4163222197103218
0,0.8942994416040189
0,0.013813214616094735
0,0.00016776010064044585
0,0.06360804264257429
0,0.05664418947166021
0,0.48693141650391036
0,0.0019357372857336387
0,0.09653200095254731
0,0.21712653644823368
0,0.019954781691379386
0,1.294837104647487e-05
0,0.762242378941304
0,0.012203973479794022
0,0.000629365819068177
0,0.009194002564788556
0,0.02885852192528361
0,0.012926239023692021
0,0.0009673281325338667
0,0.48791762612029727
0,0.01005259431685798
0,0.11174939637988134
0,0.11100568061241634
0,5.857369482838537e-06
0,7.725636999426576e-06
0,0.01783677653635121
0,2.8401673715774307e-06
0,0.01260646471940998
0,7.983119680131459e-05
0,0.022153448695303706
0,0.015749029976391105
0,0.05283355539249568
0,0.00010146712677398882
0,0.0006721129367851646
0,0.0032617812527405217
0,2.674383423138587e-07
0,0.0018416545431644625
0,0.009162861848718241
0,0.37694244627175383
0,2.6459193230649376e-06
0,2.2292221417100854e-06
0,0.016978163663772056
0,7.761152853428371e-06
0,0.04607674297155422
0,0.022956319059829304
0,7.087025043449179e-06
0,0.0019030247557677465
0,0.00010078247596441518
0,0.00011212065205710897
0,0.23218587089618897
0,0.03497965467119109
0,0.11275222355705647
0,0.01171250117387443
0,0.005657804776574556
0,0.21448931897916446
0,3.390311742034193e-05
0,0.011710177342334326
0,0.26550640014578175
0,0.0012369072367366966
0,0.10616425697572553
0,2.3685761713200416e-05
0,0.05406784939197737
0,0.7356798595029314
0,0.023097335766974255
0,0.3305184381391722
0,0.034955119578451745
0,0.24563788321210148
0,0.0014700639170536773
0,0.851498351238957
0,0.000470428568255467
0,0.01745100442065774
0,0.13516423019443105
0,3.1961385341610753e-05
0,0.0014739566310176997
0,0.009761916312476335
0,0.0046184526888340145
0,0.047993042327333396
0,0.008073496125034337
0,0.12469964458338371
0,0.027734276099796253
0,2.528238469551438e-05
0,0.036226786179016555
0,0.055652233990380565
0,0.030159275510014624
0,0.024741447840858143
0,0.010181442951679782
0,0.017765866676708243
0,0.7709937261754645
0,0.027147405293681794
0,0.20008723017213664
0,0.028925154075301857
0,0.0007412426937366597
0,0.7647516593542766
0,0.01066973872517417
0,4.030611945143931e-05
0,0.1712205437564121
0,0.016280523368114017
0,0.006846755625744658
0,0.001998640512185305
0,0.0014306325621325751
0,0.023193978724186524
0,0.8807678430124288
0,0.010651004328895866
0,0.17731082228118383
0,0.031101571337736812
0,0.19117154638504325
0,0.7960534626842456
0,0.8507906259065775
0,0.22239015065449289
0,0.014725282627486631
0,0.005302608775561298
0,0.18746241932477176
0,0.00010499699104895168
0,0.3032659332418983
0,0.0013574589170556547
0,0.26388576893025195
0,0.00012488871636813175
0,0.8707638246706944
0,0.05141443505996717
0,0.018679471337327277
0,0.08658245940385556
1,0.9108732503596569
0,0.1854049896760416
0,0.2158958944441638
0,0.008626460245963597
0,1.0773669614733757e-05
0,0.22628251040418337
0,0.04067558278546303
0,0.804323515089169
0,0.04764984677657909
0,0.18008115184902473
0,0.005035054586986652
0,0.011268790524270312
0,0.050650024852085085
0,0.00361478071017442
0,0.0002402816516752862
0,0.02976415944727154
0,0.04082325837874263
0,0.027800016068538512
0,0.023396484918107648
0,0.5380802185276646
0,0.1419253213054249
0,0.0022545645927489867
0,0.12935642451056653
0,0.036198128516985374
0,2.9548713323968596e-06
0,3.570112305933672e-05
0,0.0001240224696905464
0,7.307873967773507e-05
0,0.338012416424244
0,1.46033118576993e-05
0,0.07972001535329229
0,1.5316916120565333e-06
0,0.14087483210083326
0,0.808982673521121
0,0.6938692183366741
0,0.025829278513451237
0,0.005256199694323261
0,0.643610178815421
0,0.003973588143732448
0,0.03155068246851172
0,0.44443729777360325
1,0.917421350600356
0,0.04267315684032076
0,0.007952689582250481
0,0.004652695565103301
0,6.146773691275139e-06
0,0.025159236206047063
0,0.03191041947278964
0,0.8908011340300658
0,0.09199179159584445
0,0.11631837414531933
0,0.02191368703484264
0,0.17797837908555045
0,0.8281100534731362
0,0.587469962456844
0,0.052572853558303406
0,0.869349714564986
0,0.0724179552814646
0,0.03277449119374656
0,3.428956147954119e-05
1,0.8112458084406501
0,0.0001440051671566636
0,0.2088583302064177
0,0.0015595173496893286
0,0.03334576308384386
0,9.502696571747788e-05
0,3.535562129375346e-05
0,0.009487416070094436
0,0.11029210750789313
0,0.04010142592589944
0,5.584664636616612e-06
0,0.05344459841457831
0,0.6660465300034298
0,0.49206482277925057
0,0.007153372863517362
0,0.11173845100799859
0,0.01893129151120163
0,5.490689132511982e-05
0,2.6269979811908117e-05
0,5.337597677448036e-06
0,0.010481369570427921
0,0.10238155430733414
0,0.27613751750827314
0,0.010829927473411348
0,0.0008193398530452388
0,0.02177933503825864
0,2.8334878217028285e-05
0,0.0765603466380808
0,8.026022910338747e-06
0,4.8894158360732876e-05
0,0.29674481966230454
0,0.8684022651364203
0,1.040257943906007e-06
1,0.9110416756793094
0,0.008480269250190553
0,0.7958216596826752
0,0.24590135850082676
0,0.0016535778876481321
0,0.6903571780465037
0,0.8062066292512765
0,5.544237566486198e-05
0,0.03027187034331004
0,0.46426036629031897
0,0.00028890668454777986
0,0.21429988550021487
0,0.01283518897228718
0,0.8397192815497925
0,0.7063936268880885
0,0.0054130362913397305
0,0.12877810808538362
0,0.04187644711456334
0,9.501683050918315e-05
0,1.709024924177771e-05
0,5.584088811052452e-05
0,2.0711427999672658e-06
0,0.02556233657520884
0,0.0007731388903935718
0,0.09208520868793936
0,0.0030986224740318542
0,0.11422864868986568
0,0.03925267214007967
0,0.010103039803066783
1,0.8808090031731343
0,0.015099128172792247
0,0.01529659881686279
0,0.8531905139011807
0,2.7318874709075288e-05
0,0.11276201307351945
0,0.09591766250647647
0,0.09854049918106492
0,0.834509359641128
0,0.06676693432496272
0,0.0013203127048915047
0,0.4110473422548951
0,0.020654246665923817
0,0.2298652369192229
0,0.6082414549601166
0,0.010848182936215731
0,0.04370142229315074
0,3.2830306797244296e-05
0,1.3426525190972952e-05
0,0.02976415944727154
0,0.01075267367075107
0,1.1805073008188431e-05
0,0.006324906387861661
0,0.392780341955655
0,0.11075024450354005
0,0.8167460914064255
0,7.512148017947161e-05
0,0.7770496914318941
0,0.0143247809096042
0,0.009817935954945414
0,0.016169610795190095
0,0.8089914178264436
0,0.32346016027525015
0,0.02413736608999106
0,0.031502975902477054
0,0.02860562631639168
0,0.054050830100762066
0,0.6132777931145587
0,0.0007527069168209076
0,0.002591704555524999
0,0.000511013811554468
0,0.013406707375998094
0,0.8470228546193524
0,0.5504745159510772
0,0.14685235274028235
0,0.431770222600384
0,0.12456456447696648
0,0.023272535058161608
0,0.03294813608593322
0,0.7828356767507128
0,5.8628686683157596e-05
0,0.38374731139608953
0,0.24810305140678615
0,0.13825102084075766
0,0.0023968402178603655
0,0.00024189271148259756
0,0.5690054182074903
0,0.061573457362292354
0,0.8316918971980756
0,0.012257836544018314
0,7.719451244559595e-06
0,0.045779284278174126
0,0.11967664123858109
0,0.03955540809789455
0,0.8514750796904702
0,0.0002075062291838532
0,3.5312489402662053e-06
0,0.03548384642794282
0,0.05922004557870554
0,0.024183229436954518
0,1.5869797589088623e-05
0,0.0035165466296001356
0,0.8783446849599643
0,0.014284644615982778
0,0.1756362074409642
0,0.8456467297528383
0,0.6472299982151681
0,7.063595476834016e-05
0,0.046982554874616944
0,0.6953274768068933
0,0.1368057795383102
0,0.015642474497522384
0,0.013330618968909242
0,0.06905934517482379
0,0.0008407397325906113
0,0.0532274738480496
0,0.027266062855860387
0,1.7040769465040343e-05
0,0.13292827557336803
0,0.23155052414408495
0,0.32170390307304897
0,0.14346145567308743
0,0.026892024706926324
0,0.24679832432671828
0,0.002773329826640034
0,0.007979860035208997
0,0.023593846832352678
0,0.0196422458378315
0,0.19223258020276376
0,0.0011870599721172943
0,0.27034520577124466
0,0.014849060006172867
0,0.006020222562182024
0,3.525428255449634e-05
0,0.04950913499730997
0,0.009510144042406004
0,0.08229967389897984
0,0.0613420130500999
0,0.09838002924814056
0,0.22623330675999362
0,0.00399322682888787
0,0.8318888788986069
0,0.07710009128454506
0,0.002188489333875924
0,0.7999986895470849
0,0.00855325035554807
0,0.07364288565471452
0,7.276911138793275e-06
0,0.008343948178083323
0,0.49260251347990636
0,6.753571905677663e-05
0,2.2186842129995164e-05
0,0.19723151805134337
0,0.0008764807748941272
0,0.0602587993480949
0,0.0012106256094904797
0,0.03898755630442914
0,9.815635416650352e-05
0,0.03755432177364645
0,0.5541837474129339
0,0.283576997238491
0,0.3289687193214942
0,0.027809259353949897
0,0.0019369668465081386
0,0.010987858637761388
0,0.0135318444955101
0,0.0038446760456982768
0,0.7683685292104377
0,0.1577909525596085
0,7.461847230318487e-05
0,0.8229109910640338
0,0.8279990043126327
0,0.02121342693105836
0,0.15210504698764238
0,0.060574967867801026
0,0.04600129359922595
0,0.005905692438839586
0,0.08642173931298593
0,0.18007716155015824
0,0.032750862382537334
0,1.2572894498256806e-05
0,0.08246953115026784
0,0.00400494069615739
0,0.004479785976152914
0,0.3184536283676617
0,6.080588772751662e-07
0,0.7643443546535148
0,0.011560634408677916
0,3.060089439272241e-05
0,9.264257268653978e-06
0,0.010863487906806584
0,0.00968394723893046
0,0.27349611788594164
0,0.0135318444955101
0,0.001158952238431262
0,0.03719482364800346
0,0.006663449805314153
0,0.0028579163332653587
0,0.0032792139600278584
0,0.8221621457889275
0,0.02300036184508192
0,0.08455613562388191
0,0.489360207593591
0,0.5688812682418221
0,0.010624480540286313
0,0.0002610955310677858
0,0.00804898824933321
0,0.0051085513923182675
0,0.023394144150250363
0,0.6468248871783585
0,0.0352122085067263
0,0.008016847226498078
0,6.999703939697979e-05
0,0.0004156426644263033
0,0.007172686973447457
0,7.333852716360779e-06
0,9.762418779653932e-05
0,0.10184278318149433
0,0.00029944151118480483
0,4.088200582046417e-06
0,4.0747715713254146e-05
0,0.004299715082425301
0,0.04648782598584127
0,0.012211142166694881
0,0.058246002128755914
0,0.3179767014053513
0,0.00423819282611933
0,0.06332467994599172
0,1.6645811318838986e-05
0,1.4674227149381796e-06
0,0.05894630524867517
0,0.1665774858518906
0,0.003153325715958275
0,0.08423077554238884
0,0.11708733007851714
0,0.0035856230250812205
0,0.5725566717008185
0,0.0001929024700240834
0,2.0562302835824486e-05
0,0.06369300418062292
0,0.0018017815920393042
0,0.14912785072971604
0,0.03527655913582337
0,0.003094207141489214
0,0.6002372128267875
0,0.0009193768724842538
0,0.0606710442227367
0,0.010153301375629463
0,0.07993070140551785
0,0.00649233171979511
0,1.4834477657415217e-05
0,0.1138299375322526
0,0.48318225502498885
0,0.001430962331930272
0,0.006913299108065331
0,0.008265219660202851
0,0.0016633812421816543
0,0.02700754161978381
0,0.000481372149208049
0,0.00017270858628662424
0,0.0007955844154552698
0,0.23408884744056696
0,0.08794418037038895
0,0.0006848884605419524
0,0.0007357756982483902
0,0.009587363262430704
0,6.0853670488412e-05
0,9.577913669496733e-06
0,1.085677709786828e-06
0,3.407895130489008e-05
0,0.0014859940311894861
0,8.392730446000554e-06
0,2.8928187705508748e-05
0,0.0014805238437867903
0,0.009014110963361946
0,0.00010364528092799861
0,3.127630459669005e-05
0,0.005454192113150003
0,0.0009487184764091323
0,0.14592047022492743
0,0.00010556771722924309
0,0.07027777137661914
0,0.02109065726277955
0,0.048937021351414395
0,0.13127993338410496
0,0.28625802654725785
0,0.009329374481778625
0,0.05010053907423115
0,5.5072243573508724e-05
0,8.736947408324868e-06
0,0.11092117586236692
0,0.02331231465079668
0,0.8597464153188419
0,7.02098830111412e-05
0,0.000831617402732912
0,0.01236086642511604
0,0.1066666258238813
0,0.0006449787579751886
0,0.0019031994519410613
0,0.009196082503486202
0,0.0011605762990845939
0,0.004736902043256174
0,0.1091448546294685
0,0.09157837522356688
0,0.000577720262147224
0,0.002142090864145744
0,0.025645154064734117
0,0.07986895421897151
0,0.14718887775127654
0,5.0639105543828906e-05
0,0.9090810242896918
0,0.12180969883341759
0,0.11496725081369115
0,4.6413777238358076e-05
0,0.012223401436763438
0,0.0013385144874028837
0,4.148576908634769e-05
0,0.552634887329064
0,0.0007739737538924883
0,0.015841408645794353
0,0.01213959102680316
0,0.021234528662652786
0,0.00544893054969528
0,0.009971854964752965
0,0.16710658245064858
0,0.05660576481562224
0,0.2896843033395781
0,0.0002096200449467963
0,0.014968883021475735
0,0.0341971967399602
0,0.1650552371685201
0,0.003637277220871001
0,6.592308180516258e-05
0,0.03200851966434569
0,0.2577438257734589
0,0.01215070433563997
0,2.145467712705522e-06
0,0.0004976824656483511
0,0.4618969757961093
0,0.0014214310543396503
0,0.00019238450115879107
0,0.5406504792998369
0,7.539168257004577e-05
0,0.0005689649028162435
0,0.12926945413504937
0,0.025788647389709443
0,0.0002593917204647984
0,0.0640189623461783
0,0.031314490554202365
0,0.00020438190153114898
0,9.33753021637407e-05
0,0.00024819753496885136
0,1.5359667097468637e-06
0,0.009713985493825938
0,0.8741291500265421
0,0.058580397901707895
0,0.10342595892196454
0,0.05718770027543637
0,2.752318709697961e-05
0,0.0005519109631188523
0,0.0005044111842886557
0,0.00037806898606065323
0,0.0009810624460146805
0,0.008612967817097692
0,0.02743108118704378
0,0.12362782089818784
0,0.07254559434390513
0,0.0017349020624979384
0,2.4143278840648165e-06
0,0.08100437878279494
0,3.6889948417631016e-05
0,0.007903660608296831
0,0.7006678450226446
0,0.0005450073033283126
0,7.919468085381345e-05
0,0.02767323303895693
0,0.0001362838738197987
0,0.007347946832480261
0,0.1353892293786936
0,6.0529350788933047e-05
0,0.005422706607770004
0,0.0009111528429415501
0,0.0009111528429415501
0,0.008725475380198838
0,0.015509723167321205
0,0.013615150856402526
0,0.002313424550106623
0,0.00017014770522268385
0,1.223586422098801e-06
0,2.6172980710651544e-06
0,0.0006889756772727948
0,0.00466538882897866
0,2.4782475924258315e-06
0,0.11659530214736245
0,0.05066667683985457
0,0.03248830110449209
0,0.011466832272787051
0,4.07509694806017e-06
0,0.006676114747475872
0,0.04889843478438597
0,0.28547728472690964
0,0.09463426984169117
0,0.0007228898305675743
0,0.011945113125506054
0,0.0006092510776294598
0,0.005101012310910862
0,0.012949176689857863
0,0.4286762503533269
0,0.027843332561379927
0,0.023398673276519247
0,0.22654132981296213
0,0.00010687728185244214
0,1.4653923116306328e-05
0,0.0010695936432312796
0,5.7741494968666905e-05
0,1.8277538789019638e-06
0,0.007803800878761335
0,0.008951480172912444
0,0.03234644151489315
0,0.06347229226265802
0,0.006531112179850994
0,1.157801738912819e-06
0,0.0824088586454457
0,0.03442066347741795
0,0.05470450878976914
0,0.027134736909030364
0,0.011059767414680973
0,6.257083384447143e-06
0,0.0517783814639582
0,0.010596239491360876
0,0.019429906384042007
0,0.005895628271047531
0,0.006924355997868611
0,0.0007368016918954775
0,0.00046079204976326655
0,0.0005229915603031555
0,0.0003395650918947143
0,0.15013804091630192
0,0.00038973987961915535
0,0.040575092922928
0,7.106403578178628e-06
0,1.0628518032702996e-05
0,0.16557330959005412
0,0.04229730988705151
0,3.3514545405692334e-05
0,0.02103161391888333
0,0.01847231919785159
0,8.418516702887755e-06
0,0.052734633294143705
0,0.013542935922335764
0,0.044087636039976286
0,5.141030380817242e-05
0,0.005593531172758804
0,0.009550327221552706
0,0.024201171396512778
0,0.047175190368444905
0,0.009341030627472784
0,0.00019994827217604665
0,0.0010608614047788098
0,0.04802875820503038
0,2.890943802923963e-06
0,0.08294496948300453
0,0.0007202218536007078
0,0.005493102656338201
0,0.0725736801478065
0,0.05195653531213131
0,0.07521345292854124
0,3.6395938361548775e-05
0,0.007509783498527772
0,0.03251877717588231
0,0.00786143896410146
0,0.12261333092957971
0,0.012828979908736673
0,2.0438608485258714e-06
0,0.7700786148696431
0,0.19748284649018194
0,0.10230133952951138
0,1.1046120376015998e-06
0,0.01015646337822824
0,8.162372301204245e-07
0,0.09400204463620682
0,0.021295081342662992
0,3.133295532508842e-05
0,0.054748960244562335
0,1.0974179086812e-06
0,0.4323116276284355
0,0.018875010390168905
0,0.01193965435912261
0,0.1812217662725202
0,0.01094895323793209
0,0.07012858627763005
0,0.17033071251567208
0,0.01706084032710668
0,0.04804124948771648
0,0.1800932660996055
0,0.00016743039187054208
0,0.0009237904641827409
0,1.2117849625787975e-05
0,0.10994501589237357
0,0.003572768832071923
0,0.00034740174708606473
0,0.0008938731041721449
0,0.014282384936766446
0,0.002558699356144504
0,4.288489898149365e-05
0,0.050698455432137794
0,1.3609785503585348e-05
0,0.7078501038926527
0,0.002688841549096628
0,0.057073219251082954
0,2.740083932343291e-06
0,0.004239257328656381
0,0.00020820766189852375
0,0.7121170878564966
0,0.012017399677579104
0,0.07935277671730004
0,3.015256330099144e-05
0,0.013670612374235575
0,0.06562368057929502
0,0.34032032363909276
0,3.002306999161966e-05
0,7.292365858859643e-05
0,0.42931397888553036
0,0.028054624533590245
0,0.007867881135883539
0,2.782483989559065e-05
0,0.009556145082634708
0,0.002169890857429566
0,0.0012567255021107677
0,0.16259863164780058
0,0.01260563630602011
0,0.03624708596727523
0,0.0970050807521587
0,0.01186943309379677
0,0.000537727338785764
0,0.10431079041107658
0,0.4211532357248187
0,0.00010836160372026783
0,0.004470530835397963
0,0.06625430908440305
0,0.5865845097507234
0,0.3305815351448723
0,0.00886664685390878
0,0.0008781136058032739
0,4.299177941228764e-05
0,0.40577158692025544
0,0.044753198383652625
0,0.002262890152065529
0,1.081284545725457e-06
0,0.022174624265799553
0,0.0014855505757659041
0,7.064730972216776e-06
0,0.038042030576725935
0,0.0019619860417627714
0,0.01722978022504923
0,0.008196732108577246
0,0.6509780621621812
0,2.2102618342143816e-06
0,0.8810989848202494
0,0.11657468462855941
0,0.10682930234912323
0,0.040039172792650145
0,0.00039426898135990824
0,0.09801611734990696
0,4.311891997603297e-05
0,0.014889477996318389
0,0.01674716290455817
0,0.12156697394183275
0,0.003155129886673632
0,0.0330333258666533
0,0.0845123509783448
0,0.012214888127577166
0,2.3212578663001367e-05
0,0.008545733250041182
0,0.03151602338208481
0,0.0005391085028706438
0,8.999638496917425e-06
0,0.006636873736643724
0,0.001387643920264501
0,0.8806927632083541
0,0.02747059580590158
0,0.003023237223024793
0,7.767294275664162e-05
0,0.8171966028220523
0,0.3438350125491162
0,0.17528236882296963
0,0.024615991630049173
0,0.7612392837353835
0,0.00017553486493693816
0,0.038991596798341764
0,1.5166646682017379e-05
0,0.009408729247829931
0,0.043414507722917516
0,0.0011133706528508936
0,0.025548794536519957
0,2.6765143199531786e-07
0,0.0010295617563390402
0,0.0194275333648671
0,8.432083302777084e-06
0,0.05957217006595833
0,0.05500825122649061
0,0.012207236212526281
0,0.0916308546654709
0,0.0008645200101010752
0,0.05622068574815653
0,7.656322934531911e-05
0,0.007782860411129208
0,0.06096203349715818
0,0.08432770285670814
0,0.06046654556479985
0,0.0631668844534999
0,2.726002031496367e-05
0,0.0031433254027210854
0,0.12637971521664162
0,0.006591873830333557
0,0.12370364528331243
0,0.8579798078223888
0,0.014897070268168668
0,0.0475338513776001
0,0.0009159121960843205
0,0.2611090756706959
0,0.37786641093383666
0,8.545270596978953e-05
0,0.1642133033165638
0,0.17551990872489975
0,4.7030722896363886e-05
0,0.1597521393775242
0,0.00013040193268008723
0,0.0011645234771437353
0,0.002902860481048432
0,0.10149252895582098
0,0.04093746267146093
0,1.1606572548063976e-05
0,0.00410332094042112
0,4.182225012965268e-06
0,0.0009170271041217407
0,0.0006514361011893516
0,0.7474701122725849
0,1.1595428314232758e-05
0,0.03758359964969856
0,0.04684237380326313
0,0.0046620541102341435
0,4.643515565623197e-05
0,0.06886702519712938
0,0.00011192256908107831
0,0.23122780422166275
0,0.11298841221641591
0,0.06439395779081838
0,0.0102404325720235
0,4.9797771865367165e-05
0,0.007013700263856467
0,9.308649645780214e-05
0,0.009227079722128802
0,0.0005477557918663724
0,0.15020020968371603
0,0.07642631537029616
0,0.009828226298943374
0,0.005354707346182332
0,0.18220835002036764
0,0.02215612272326768
0,0.046625832721213255
0,0.012619317066313453
0,0.013872786667393016
0,0.00294273579599511
0,0.03107292798623926
0,0.12650432115551927
0,2.0058613215996475e-05
0,0.0002813833089173057
0,0.04828515842439062
0,0.3071679172491535
0,0.011273737139692486
0,0.5101271960826892
0,0.03384315623911394
0,0.6843026804802009
0,0.06377284709256045
0,0.03266641789844734
0,0.1260518048727397
0,0.012964491379065546
0,1.4513900450552519e-05
0,0.7398279080339621
0,0.04408735081153662
0,0.0018181186313171362
0,0.11257913485052738
0,8.607946854355337e-06
0,0.12099420467309739
0,0.0063715127400862095
0,0.0227183171368807
0,0.3279248280685589
0,0.09984720141706309
0,0.06727077498840116
0,0.028519923359048207
0,0.0478505645340759
0,0.03215187583553258
0,0.06647565680714225
0,0.014255043389295995
0,3.442425265959456e-05
0,0.693977515719465
0,0.1110507051148742
0,0.5331966690851844
0,0.02089861904054749
0,0.004351426568339883
0,2.379467258256845e-05
0,0.07889163803347227
0,0.1434825746255533
0,0.03133283326666819
0,0.03969225528978775
0,0.014651011555986505
0,0.007782828216817755
0,0.044864416009376316
0,0.05478335015069138
0,0.022259320705669404
0,3.9970648845062855e-06
0,8.296698064778314e-06
0,0.00014262241495467014
0,0.4264477210518039
0,0.0920516234308252
0,0.14900402355231562
0,0.025944871241977568
0,0.000313468067237719
0,0.07793259232320134
0,0.01694334279976741
0,0.016908111410777735
0,0.0007275380636738542
0,0.06460540437499096
0,2.172721191863878e-06
0,0.02929027392993956
0,0.3946983789185485
0,0.034818867543678196
0,0.01041278632588468
0,0.0005852229122067091
0,0.0213554953803413
0,0.5608610787652442
0,0.06407152596483369
0,0.09039633010093984
0,0.8285439899711067
0,0.35885099963595907
0,0.030662035042744475
0,8.216087971452125e-06
0,0.005347707651221414
0,0.007080403217924276
0,0.05509156357292743
0,7.640125235374298e-05
0,0.030810046485769828
0,0.14222814362036254
0,2.9649880795134508e-05
0,0.043504783062700565
0,0.0005269732506793261
0,0.07768513521627125
0,0.018279083415016578
0,0.0002535567080859614
0,0.5945050688374535
0,0.03628482694494656
0,0.11643596011463325
0,0.016563458909572597
0,0.00885093377580879
0,6.212760789230218e-05
0,0.8581629692203265
0,0.15190089634623882
0,0.09512825798650273
0,0.031011464407765484
0,0.10251720908475152
0,0.012679148376833376
0,9.141497037538216e-05
0,0.15412868691060183
0,0.07112216486668056
0,0.024417708944843276
0,0.07598545487972728
0,8.868223474120761e-05
0,7.888577735481596e-06
0,0.7766603796543197
0,0.00012645522997463965
0,0.2666358364146954
0,0.12081960952274638
0,0.05096638017311665
0,0.04173142815918798
0,0.02218560410123826
0,8.232987357538841e-05
0,0.08549324112717416
0,0.09986075691141341
0,0.05519640927099746
0,0.2080964883357407
0,0.04975671129169531
0,0.13310007266611973
0,0.1395611936622554
0,1.0476539346772125e-05
0,0.11583078445383058
0,0.07178809914038985
0,0.07054686637992391
0,0.0372192059754936
0,3.092359367037807e-05
0,0.02976415944727154
0,0.5786695514722439
0,0.021591951164785756
0,0.022020460002144908
0,0.12210803696968038
0,0.012696708546591336
0,0.08672802015301855
0,0.12851255552896182
0,0.017453180739376448
0,0.011608183633259054
0,0.01820154827292517
0,0.0011438502075090955
0,0.07645210458027706
0,0.7825046836287889
0,0.18396952713185313
0,1.2521541242191891e-05
0,0.003217736076019125
0,0.01512515130878758
0,0.08071297527843282
0,0.009075999726068824
0,0.021296238012300805
0,0.03508438373886057
0,0.0002769120743989832
0,0.07937715475888239
0,0.08071647439510078
0,7.230319238298556e-06
0,0.03861498125104544
0,0.008917284407123291
0,0.243831751723018
0,8.072734996779571e-06
0,0.25552948804430087
0,0.0001290558037887432
0,0.00029334373324994557
0,0.008494721909071672
0,0.00011496935476321941
0,0.0952380983731534
0,1.4369418824687257e-05
0,0.0008219883734156662
0,2.1485532787472488e-05
0,0.004411083087736467
0,0.025355069391206658
0,0.0008219918012555348
0,0.016706619107161303
0,0.012562756872962277
0,0.08365950819630266
0,0.8406401334712148
0,0.5644094933351119
0,3.5950047498121335e-05
0,0.004273666560622056
0,0.0015726093727022059
0,0.027847392997629408
0,4.073515234519465e-05
0,0.10091153665653872
0,0.010787016592770197
0,0.1570256028787032
0,6.458991885738979e-06
0,0.021047950294481692
0,0.07536435842196419
0,0.020590681973090816
0,0.05373629000248978
0,0.017615278519040684
0,0.09341603454018699
0,0.08432313238888763
0,0.287795442229293
0,0.03865987360909017
0,0.03845911076172845
0,0.05912371788006794
0,0.038890027545084055
0,0.015602935017254063
0,0.14824391430792383
0,0.08792700079479028
0,0.15566430475053852
0,0.10040944101966247
0,0.1786657102260564
0,0.015382911378515066
0,0.13252820627421402
0,0.028458520058606242
0,0.0008854670018171475
0,0.10589861079715622
0,0.1387755200774252
0,1.6251934772732056e-05
0,0.0006253700769824361
0,4.539797594396649e-05
0,0.043587739566900555
0,0.00435716112763446
0,0.0003616564389414018
0,0.46701173501146764
0,0.09460909563637604
0,0.027364217799388454
0,0.06404677277704347
0,0.15600724598295226
0,0.11340426933357566
0,0.24497501469031094
0,0.012456131309733054
0,0.046668010093045914
0,0.033212372566131056
0,0.5220475263731147
0,0.0053095840549502085
0,0.09260074934361893
0,0.04817237390689399
0,0.027488674215699036
0,2.8815353178476523e-05
0,3.266741960030344e-05
0,0.6792915861341445
0,0.008209493624750928
0,0.0008014880561250245
0,0.029991954157189683
0,0.2335078504563316
0,0.03162314627014412
0,0.030987250040733827
0,0.04107232874325165
0,0.1255889696095715
0,0.008508391861397985
0,0.037328045796742836
0,0.05381892378153601
0,0.016317912261317246
0,0.7829826882565896
0,0.10481974525329837
0,0.000551382643757022
0,0.022895555178482234
0,0.022019724460818565
0,0.011670048373998059
0,0.012072973514358076
0,0.8419354085536445
0,0.06633743933844133
0,0.8833916711039034
0,0.015019686513901153
0,0.03371157192749064
0,0.03743152714994116
0,0.1145307853057763
0,0.5985414004034422
0,0.008203684694275461
0,0.002654052506330734
0,4.907651065896424e-05
0,0.057581010601517484
0,0.29601059774070776
0,9.652363680177312e-06
0,0.10352159478405684
0,0.8695282768945333
0,0.022717075815039324
0,7.586970767640846e-05
0,0.01457165865717698
0,0.01776082472909112
0,0.013915998284363948
0,0.002916418115244866
0,0.013968160249273411
0,6.645864407070276e-05
0,3.095102757872147e-05
0,0.03367382187971936
0,0.10101716216796999
0,0.026377455101481196
0,0.002599443789676201
0,0.00026913937598561254
0,0.011650632760808965
0,1.014776342292889e-05
0,0.0001736731670780875
0,0.05327086557615593
0,3.261981794128729e-05
0,0.11632410269962844
0,0.010493813896894126
0,0.02006289224569645
0,0.1127389653758425
0,0.16902472368171265
0,0.12640717755529815
0,0.006531959923676586
0,0.3022699081577727
0,0.052337782051511995
0,0.4480387796871802
0,0.044945372256318686
0,0.16045926838076655
0,0.01642489506054812
0,8.890733762918178e-07
0,0.012903865365101479
0,0.06708825203620228
0,0.00312979793434985
0,0.29850497222945643
0,0.0011411284823962264
0,0.03579410684078358
0,0.18150727114045254
0,0.06377270057406752
0,0.5728257910641955
0,0.026706006797200175
0,0.00015515122387036546
0,0.02823823430446111
0,0.6955610301479435
0,0.15823890136495142
0,0.04774620836231425
0,0.6355035412506429
0,0.06440963711921673
0,0.0013008354436506058
0,2.932476595446881e-05
0,0.03559284907019675
0,0.02642587836507282
0,0.013816120239340639
0,0.005535387676656809
0,0.049714150225301214
0,0.0019081606602491935
0,0.018686170168753072
0,0.014556028856317444
0,0.07702789587079718
0,6.733626674533107e-05
0,0.17338523123750657
0,0.11413509367167439
0,0.8755324468449751
0,0.8287656787446633
0,0.005008977706576555
0,6.048530965606449e-05
0,0.003248139546473069
0,0.03323978282548324
0,0.30657612081077623
0,0.013870944947256948
0,0.1510810640082888
0,0.02125150817954862
0,0.0005206124271322351
0,0.07462665570519288
0,0.7914170421144359
0,0.10225600603767307
0,0.04050043407310439
0,0.07607806240263087
0,0.02007951195475451
0,0.0810016434556257
0,0.06532239818024405
0,0.8200501916760925
0,0.11754703376486532
0,0.30374931545501005
0,0.07683106268811028
0,0.03472839847957718
0,0.00023623315064535912
0,0.0023611421330740224
0,0.0706201856530935
0,0.011562456537827377
0,0.06216545481504432
0,0.115643377454233
0,0.1386530851775324
0,0.05724827979906061
0,0.2848338055641614
0,0.09061876949328315
0,0.058036422942179144
0,0.05610585814151503
0,0.020975808179778604
0,4.758318956967393e-06
0,0.00815019649683952
0,0.08077962245664101
0,0.0021325155480416648
0,0.61730378184615
0,5.138071771995338e-05
0,0.20341519853086154
0,0.053716617771346405
0,0.021044686898219183
0,0.7499813273822734
0,0.02680491817980077
0,0.004685044542767429
0,0.15282925948545495
0,0.08294141672306408
0,0.0007743170199353281
0,0.06739126130257841
0,0.016303898780325315
0,0.0003494259119523483
0,0.03445226688735512
0,0.0005897073398418843
0,0.006534039299264117
0,0.009370714371307428
0,0.1587160022116992
0,0.11225965057810929
0,0.031185315006347507
0,0.382184229385933
0,0.015717876057168473
0,0.06922248394307157
0,0.08807023654589283
0,0.1156242660643103
0,0.02699705889974619
0,0.024664833191774753
0,0.11752373458732086
0,0.007124295878419049
0,0.0156985693098186
0,0.008855119448264346
0,0.001088209117215314
0,0.22489152834281823
0,0.11992774457962774
0,1.5538005095223474e-05
0,0.03257865386226634
0,0.03519666924641326
0,0.14833597324254105
0,0.14110480759028943
0,0.6994333126768091
0,0.8289724913887216
0,0.0015536645986775925
0,0.19779675938560784
0,0.00010822207920266223
0,2.385984388456105e-06
0,0.46845407613130857
0,0.12935250184155211
0,0.24254371503550792
0,0.16347668678756372
0,0.4501127485248532
0,0.11866463035798044
0,0.022266981392548946
0,8.965789529552808e-06
0,0.003969954690090631
0,0.031076777302613896
0,0.059845199543735454
0,0.004685722156568415
0,0.0008379177465110144
0,0.06813703028564701
0,0.10380885300898475
0,0.13625027033372114
0,0.0026224580211924287
0,0.00013698427309621626
0,0.010444792197978097
0,0.03453692151271674
0,0.02977175659920616
0,0.013293930467170072
0,0.16328685240207966
0,0.3426913143439352
0,0.22064606028156725
0,0.20156500252580892
0,0.004611805694178432
0,0.540343850489554
0,0.850994672209863
0,4.240759812942831e-06
0,0.00019278039265620053
0,0.023629245405244505
0,8.083985838380867e-05
0,3.545740735954732e-05
0,0.02932109598050904
0,0.04876743128514946
0,4.232683224673939e-05
0,0.1251563424579773
0,0.04262836705278313
0,0.018855729782504656
0,0.012850170467881582
0,2.3149219264668886e-05
0,0.00989178919805851
0,0.018985574607273924
0,0.02167820545250365
0,0.033403904014467876
0,0.28881653839411114
0,0.1095288625637092
0,0.006228466419285188
0,0.5095515067392302
0,0.37005825997268194
0,0.797729266589303
0,9.668049438085468e-05
0,0.06856260593075826
0,0.3223625204176624
0,0.15117666093019536
0,0.12120159768546403
0,0.6010110967915382
0,4.03759967728866e-05
0,0.121703888166506
0,0.06769794285366477
0,0.06565294169670714
0,0.0009412408348791495
0,0.0863371562140617
0,0.03272456185712454
0,0.10428852510816966
0,2.0549364412751395e-05
0,0.08007538205402835
0,0.0010421784782663273
0,0.07840087015580342
0,0.10964207499455068
0,0.0011570899362797267
0,0.2702421236850178
0,0.29985565580917295
0,0.12832810759070476
0,0.07826433430904216
0,0.00013491222208045366
0,0.02042906702727836
0,0.00011781690785508019
0,0.024392954356301448
0,0.010141097256362475
0,0.8963126018579309
0,0.008721020306294226
0,4.922630595020097e-05
0,0.08868488685403048
0,0.06091068050541502
0,0.006115499020935541
0,0.8986043248317905
0,3.4905335145447614e-05
0,0.15952398521968073
0,0.7258081010658703
0,0.30280796734952586
0,0.8949172786604244
0,0.027379972200289766
0,7.013679234300862e-05
0,0.8885055541790818
0,0.07973347211409115
0,0.6995324381312152
0,0.4962858240317524
0,0.1018446422014547
0,9.112091966951758e-05
0,0.011158881538348101
0,0.026320190538206636
0,0.020614189325389883
0,0.05982787848341812
0,0.06486570012877717
0,0.07979398789763055
0,0.5538619512649247
0,0.7054295569121448
0,0.5731317249672677
0,0.18165369289913097
0,0.11457472577027086
0,0.01587535960471074
0,0.5750346921698376
0,0.0232854269673929
0,0.04029675004593421
0,6.797646654627203e-05
0,0.11228091210326753
0,0.16655962323052687
0,0.12006691072080365
0,0.14977930201794937
0,0.0063145449209760784
0,0.12948987430271058
0,0.00015378202376281063
1,0.8272040668575378
0,0.31990130678145023
0,0.020323781761890335
0,0.33617679823584545
0,0.832856736598992
0,0.08121644783704673
0,0.1983874276490443
0,0.03450765458957526
0,0.028975472574283987
0,0.01594709610617907
0,0.007442812733913271
0,0.0029785676304831038
0,0.013345396286305617
0,0.05884865109928837
0,0.0378107027669881
0,0.027122738081631608
0,0.05056573627658687
0,0.07690793878169137
0,0.00017332201814737236
0,0.17558909285960972
0,0.03090714958270075
0,0.0022496507622588495
0,0.3161455160800754
0,0.02096462166264241
0,8.391464989105778e-05
0,0.0035582990329509454
0,0.01714887175856229
0,0.009028769583569076
0,0.01704551393193391
0,4.646093449103708e-06
0,0.012092782266112876
0,0.15184360436713484
0,0.18360943798469145
0,0.1709550655676222
0,0.38281396224820485
0,0.008945677212874743
0,0.26158276184406326
0,0.005777332065313501
0,6.815168981535628e-05
0,7.55677868952999e-06
0,0.008191745363724447
0,0.03701484582522034
0,0.832028174363
0,0.027656429106605113
0,0.011343031946540348
0,0.0015856555808013639
0,2.4583011179268935e-05
0,0.09360555583663968
0,0.053941305502968044
0,0.26618301259243043
0,0.03194804207411158
0,0.007967949210324496
0,0.022265723793859382
0,0.01600920739209029
0,0.8485444542387665
0,0.015985618356689036
0,0.02792546601254425
0,0.7898224550872013
0,0.07995128857052383
0,0.06437602157292803
0,0.8458628680727778
0,0.05327571854052778
0,0.8806398808272057
0,1.3586563407285439e-05
0,0.0047113542305972185
0,0.8356686888565029
0,0.02028550041318066
0,0.00976684395527743
0,0.0014327354512690574
0,0.01586617847228439
0,0.04213098099915377
0,0.7214703061336328
0,0.18524970355316786
0,3.306416855859981e-05
0,0.07318131162654798
0,0.030174685218671473
0,0.02044875363671579
0,7.182525856241065e-06
0,0.02924348951055936
0,0.007423434851063494
0,0.05363505797733134
0,5.247381008633175e-06
0,0.23013811506810855
0,0.00011335876217622499
0,0.0027220275464353945
0,0.7300706417256799
0,0.062475786498171794
0,0.517421524349164
0,0.09058471882195024
0,7.153418140979823e-05
0,0.7359795866508417
0,0.1559460785728963
0,0.04893765473349673
0,0.11979522658636504
0,0.8512372197540375
0,0.05077932144435498
0,0.020208394927760883
0,0.13389965953166627
0,8.509511690377718e-05
0,0.5939130661964863
0,0.21370940435057278
0,0.41103471569392985
0,0.044463494044280245
0,0.01796181638598723
0,0.07044127188764143
0,0.07212140535648796
0,0.24028914859895992
0,0.8585208330887312
0,5.001797842888064e-05
0,0.030913731280247242
0,0.0024432371706891005
0,0.02555825603220885
0,0.03315076349693188
0,0.2817715547941728
0,5.0391216325223616e-05
0,0.042352506826712995
0,0.01525450105411407
0,0.007026012970688769
0,0.1881559611207583
0,0.8274574776369706
0,6.250901605380555e-05
0,0.07669970469277748
0,3.066691197611346e-05
0,0.323153226812212
0,0.014267402327001334
0,0.1180880174331191
0,0.07775555057225685
0,0.06955439243564294
0,0.16246978607578166
0,0.012709915113477958
0,1.5900837110640348e-05
0,0.06865472036537093
0,0.8723105241403901
0,0.04927388656261712
0,0.0007362001480875419
0,0.3073662764025943
0,0.07016203869651118
0,0.11249954828713546
0,0.06402432095857595
0,0.059806001796719285
0,0.13797705628043996
0,0.7252594137671433
0,0.14243046289321587
0,0.05821319167415742
0,0.0013681974105790523
0,0.12296965001485992
0,0.4960133679468951
0,0.6384384075726895
0,0.27951649067679957
0,0.09478673546922547
0,0.4725983247955842
0,0.48775497936164797
0,0.00016383011762961732
0,0.016320335492416214
0,0.03911566704179254
0,0.33502110582686534
0,0.005011839901565568
0,0.019085033304333227
0,1.7857745576005287e-05
0,0.03293727061103232
0,0.02202294829590669
0,0.151599625987951
0,0.014950651040346746
0,0.006658504356924306
0,0.21744999007178042
0,0.07288858983386888
0,0.08710172334456709
0,0.2469229483914395
0,0.0032686129784783562
0,0.08192522354206076
0,0.025987579003588758
0,0.05642046202421404
0,0.00010118651535764071
0,5.5563385239156456e-05
0,0.016849420573340167
0,0.11880475402953497
0,0.009343633362105504
0,0.36992361551870845
0,0.320702024092048
0,0.43867249236177397
0,0.512884346691899
0,0.013515437552981546
0,1.1157332905783879e-05
0,0.5252396741628351
0,0.3101755194664276
0,0.01674263652336517
0,0.13426663749845325
0,4.252118656867174e-05
0,0.0022131601061592585
0,0.6258190993154046
0,0.09417705539123954
0,0.00017146520209171767
0,0.8740788546951792
0,0.28556619658826554
0,0.09597745371536784
0,0.041343688956780054
0,0.014958534325305533
0,0.3408348742842467
0,0.010196801296526326
0,0.42368711035842077
0,0.005976813334308574
0,0.026712594030732034
0,0.0001427842532915991
0,0.32613318088660576
0,0.1751702669577316
0,0.02996518236886711
0,2.2991269980705297e-05
0,0.14267298492495364
0,0.028110732886465123
0,0.8506499166089228
0,0.18798770191343314
0,0.030976320449030932
0,0.023594735601958954
0,0.038248920451726384
0,0.012086092856564161
0,0.5921022827547838
0,0.0014061384937153441
0,0.04488462309193147
0,0.12176419302869791
0,0.00786648246233224
0,8.599475954308569e-07
0,0.5535551949101342
0,0.0009503247066908832
0,0.03764653548265544
0,0.0037730655242935373
0,0.05631029049829501
0,0.04489914450541604
0,0.03826588514702705
0,0.0022166014523653833
0,0.0374212295678031
0,0.16717371274334486
0,0.04153746389463255
0,0.04369041947457852
0,0.003123417703971267
0,0.0013020909817107857
0,0.08033695355852691
0,0.032239149511954675
0,0.055950292286773784
0,0.04461274757008408
0,0.07696900870642374
0,0.0225699904441517
0,0.8537669274472414
0,0.001956063333757815
0,0.04966704372001337
0,0.20594269987379263
0,0.2316457882781115
0,0.2121638885386212
0,0.030729348827007986
0,0.1503021293165057
0,0.08345509818935172
0,0.8840410367385418
0,0.15715305454243442
0,0.19380938014946178
0,0.7623564327726139
0,0.013968160249273411
0,0.7294013845937735
0,0.4965809531427302
0,1.8858169857386838e-05
0,0.2699285937736924
0,0.16391537050571298
0,0.12791943638163608
0,1.7409779762056332e-06
0,0.06833519824614737
0,0.02929366709040337
0,0.165879478070686
0,0.10420924363906289
0,0.008093497456477786
0,0.48661956836561326
0,0.04560050165634975
0,0.02714463061328887
0,0.12700111907864528
0,0.09135590960840936
0,8.943358571595571e-05
0,0.005312492410570227
0,0.34522694177299135
0,0.0143491982340229
0,0.021029986755076502
0,0.25239668461716586
0,0.09836643460719055
0,0.7583051607456919
0,0.012770067351334445
0,0.33743307655565696
0,0.19622462012351666
0,0.25756844821239333
0,0.3123805492004711
0,0.1260269650740261
0,0.034970686796469586
0,0.011571354608086127
0,0.11799759942525855
0,0.08357753372144558
0,0.4215161151294855
0,0.8381908485398885
0,0.22578321151190756
0,0.20806490753065718
0,0.042359623635576986
0,0.6598117779898905
0,0.004005842672493362
0,0.3131111807351756
0,0.34356892483749013
0,0.045499143746524126
0,0.0024645147835156366
0,0.012387721113973934
0,0.026495960099609785
0,0.6379065838520209
0,0.3779324988206175
0,0.7838267341791152
0,0.025770672575845262
0,0.04061448811292843
0,0.7268519898803932
0,0.0777776075859356
0,0.8272058862096041
0,0.29560904266312027
0,0.17841161521708057
0,0.5555611207864979
0,0.02153563508688702
0,0.00045615261084322093
0,0.05763768387812508
0,0.16579286217087913
0,0.016898772515630742
0,0.8104151208630287
0,0.24188983560014046
0,0.06458088248946364
0,0.059913627978368716
0,0.0051833841781146524
0,0.01116768736107813
0,0.03268233227871024
0,0.5520118783147657
0,0.5542824273823674
0,0.8375652475933482
0,0.17159689218740692
0,0.0005119581770097575
0,0.035462806270466454
0,0.16613113121419035
0,0.6891692449803459
0,0.26565348359866026
0,0.7558746871437915
0,0.013572906765090572
0,0.0661981994392187
0,0.005104328254884301
0,0.010704738040651907
0,5.1858809823119584e-05
0,0.03567808544738255
0,0.029341037664762638
0,0.17397894999574315
0,0.003735081080759735
0,0.1674115892549602
0,0.0698370144019127
0,0.13359941931635702
0,0.007722537140901485
0,0.22787249052668673
0,0.002808074933868991
0,0.8889814735653429
0,0.1330605819825558
0,0.023472134818986242
0,0.007522672852455811
0,7.997357199821447e-06
0,0.09947077964123067
0,0.011761665950388167
0,0.021363529939809705
0,0.005008317583818798
0,4.0426039793495995e-06
0,0.743038562415257
0,0.05665930519295382
0,0.03798842484573036
0,0.04298932684286453
0,0.4008687221727156
0,0.0181300258778417
0,0.010912315998581687
0,0.07092324047425386
0,0.03976145221863175
0,0.1211950526535392
0,0.1631258369880699
0,0.19015842421066512
0,0.012320629196608559
0,0.13840291163809781
0,0.09365343445167351
0,0.013701976554871492
0,0.017299243730426194
0,0.11742315933971094
0,0.14662588354458425
0,0.36012628466350827
0,0.8174326904144877
0,7.76725140973933e-05
0,5.5408583084365935e-05
0,0.5503449877072041
0,0.003603261472312324
0,0.766634110972472
0,0.896111456955968
0,0.09621053772887435
0,0.11354103845790577
0,0.00020090184744243499
0,0.03449991567695542
0,0.01689431116457407
0,0.06787177271757898
0,0.03434487736781374
0,0.0020475573272687856
0,0.5954222310757522
0,0.3653576262890059
0,0.798040396328256
0,0.10016493202426245
0,0.41430706187963356
0,0.03475881735726246
0,0.016308197750530183
0,0.02123459371193528
0,0.14783341996733923
0,0.003411231907346225
0,0.6660246465199251
0,0.5727628031528726
0,0.086071694476844
0,6.484361413010256e-05
0,0.8777613926553834
0,0.4490931299076539
0,0.02608774325399906
0,0.07519664828954556
0,0.10530074770877344
0,0.5442059689054465
0,0.842536069188332
0,0.003439552068281335
0,0.29159684204170855
0,0.25178730766932683
0,0.3439651253526999
0,0.8863013266339546
0,0.2540004373745552
0,0.8718802152347732
0,0.03542895250154971
0,0.1921276973908626
0,0.013580156407711309
0,0.6938414878893314
0,0.13810785969263856
0,0.0100078955322396
0,0.049081904296305004
0,0.0297031484980835
0,0.030837887201853043
0,8.528651466173212e-05
0,0.699150578737154
0,0.06787190448738906
0,0.004868666696510867
0,0.10323861937891608
0,0.04676123995377811
0,0.015479005880618507
0,0.038712154894183136
0,0.1423754450832622
0,0.6726955411941946
0,0.007653840241405844
0,0.11762491382232584
0,0.8207245126802533
0,1.3784104818238713e-05
0,0.10482564992434612
0,0.7686973851981534
0,0.6556281286194006
0,0.5764121587944585
0,0.0445374080183509
0,0.0002706634170841239
0,0.006625295493038572
0,0.16210062319321547
0,0.15603781902138716
0,0.2340494088965974
0,0.0025537698006881707
0,0.0590191084116949
0,0.015823208502944948
0,0.7057247331193168
0,0.8810158791171822
0,0.18935667526896274
0,0.09821456664935799
0,0.03132077921070382
0,0.5522062942926463
0,0.2929561348032122
0,0.010040857206498374
0,0.7871434661409326
0,0.09468951043041066
0,0.10440796520547078
0,0.2975069031547827
0,0.155827949612798
0,0.03711018579460323
0,0.14986160588815448
0,0.010631775337074519
1,0.8613388917062806
0,0.24833454927333756
0,0.04461466821735889
0,1.5589990489617384e-05
0,0.09544132084910956
0,0.1613308618472825
0,0.000164905086219444
0,0.010943543274624769
0,0.1658793090339042
0,0.18657801540920754
0,0.5149514394237256
0,0.471311670747989
0,0.07981456994929109
0,0.838552982118452
0,0.0002869854799301495
0,0.00014475958137176654
0,0.06543727451450594
0,0.48307837715067564
0,0.0031236060906128086
0,0.0017660842000971706
0,0.633400278415729
0,7.04591874558248e-05
0,0.203464630119734
0,0.0008921150908051977
0,2.3945975731541485e-05
0,0.08563199714016081
0,0.002719549673783345
0,0.42720512968387275
0,0.18529072132512778
0,0.04128894857733101
0,4.481657968504756e-07
0,0.14347743581739208
0,0.15317554906675737
0,0.046203071306491164
0,0.00037410641432725694
0,0.05484349760192511
0,0.017136035226397197
0,0.8112441687820665
0,0.34505752926946887
0,0.13267513589902907
0,0.025066490658006094
0,0.0001585244772107402
1,0.8939359560341038
1,0.8917217700589145
1,0.875468521968859
0,0.036572388118772725
0,0.08267054912179962
0,0.03763090690166324
0,0.01222461473353691
0,0.05728794264361306
0,0.2637700067813879
0,0.10596483158960435
0,0.6784826551237408
0,0.03947737771397832
0,0.007493229422140201
0,6.245455340761522e-06
0,0.022356947383385176
0,0.898759916282307
0,0.08352111522634643
0,0.02512900797494818
0,0.03070043733341117
0,0.03446456964104243
0,0.0491179819978512
0,0.0635653889950156
0,0.09271585106009189
0,0.8715937974170088
0,0.3083533099202846
0,0.371684320885993
0,0.561204650053895
0,0.13025483752920522
0,0.03944459428459175
0,0.07955927528352182
0,0.0069403367606746995
0,0.015343718387827233
0,0.15070227747009224
0,0.3877959038468796
0,0.00022472772310594646
0,0.029892407637727568
0,0.017245471179253992
0,0.13432865890835713
0,0.00011486128483368699
0,0.22834320715302425
0,0.47223107903461914
0,0.05888420195059928
0,0.1473337422888989
0,0.08620853553666029
0,0.3012283767024311
0,0.01647260236978261
0,0.019357613484288938
0,0.28963445178729
0,0.30642969878086873
0,0.8276768154335279
0,0.7383320748175208
0,0.01089358859940931
0,0.030794684269120402
0,0.05439909379492546
0,0.16797069155298924
0,0.8193926308936493
0,0.029083797930869532
0,0.7220504142752392
0,6.535154173077607e-05
0,0.004288425363898662
0,0.003754318829220366
0,0.08047774788428391
0,0.0007423086085732391
0,5.942429391003129e-06
0,0.0613765866063768
0,1.0466780816446277e-05
0,0.030335910940817796
1,0.8772397322855708
0,0.09653817066108959
0,0.7605180753271452
0,0.012507752992033867
0,0.3624897980945941
0,0.04273768338259977
0,0.2804817727096527
0,0.04149504821786225
0,0.019850142518965136
0,0.00021453676231700616
0,0.12606126091982572
0,0.8359189870360537
0,0.0013203232985069925
0,0.0017384042824109124
0,0.03229021930550153
0,0.017456923909866816
0,4.172223301443605e-05
0,0.07313748581955484
0,0.36906038254515333
0,3.73777472540183e-05
0,0.9022378798671006
0,8.466484961780464e-06
0,0.4665393548482906
0,2.55443057964499e-06
0,0.16433847052232625
0,0.0910899683608031
0,0.5243335780674991
0,0.007853126333145216
0,0.05100502550640311
0,1.3057032990406157e-05
0,1.1861403723497196e-05
0,2.3169341522542876e-05
0,0.15069820420712493
0,3.458489756333619e-05
0,0.00011633745262586974
0,0.0003171463858676647
0,0.8726011165838989
0,0.036751717818702054
0,0.04675488861181609
